Daily Time Spent on Site,Age,Area Income,Daily Internet Usage,Gender,Category_Electronic,Category_Fashion,Category_Finance,Category_Food,Category_Furniture,Category_Health,Category_House,Category_Otomotif,Category_Travel,Clicked on Ad
68.95,35,432837300.0,256.09,0,0,0,0,0,1,0,0,0,0,0
80.23,31,479092950.00000006,193.77,1,0,0,0,1,0,0,0,0,0,0
69.47,26,418501580.0,236.5,0,1,0,0,0,0,0,0,0,0,0
74.15,29,383643260.0,245.89,1,0,0,0,0,0,0,1,0,0,0
68.37,35,517229930.00000006,225.58,0,0,0,1,0,0,0,0,0,0,0
59.99,23,418330920.0,226.74,1,0,0,0,0,0,0,0,0,1,0
88.91,33,376969950.0,208.36,0,1,0,0,0,0,0,0,0,0,0
66.0,48,172153310.0,131.76,1,0,0,0,0,0,1,0,0,0,1
74.53,30,482034000.0,221.51,1,0,0,0,0,0,0,0,0,0,0
69.88,20,389496240.0,183.82,1,0,0,0,0,0,1,0,0,0,0
47.64,49,319427570.0,122.02,0,0,0,0,1,0,0,0,0,0,1
83.07,37,437437070.0,230.87,1,0,0,0,0,0,0,0,0,1,0
69.57,48,361458440.0,113.12,1,0,0,0,0,0,0,0,0,1,1
79.52,24,362177410.0,214.23,0,0,0,0,0,0,0,1,0,0,0
42.95,33,216832000.0,143.56,0,0,0,0,1,0,0,0,0,0,1
63.45,23,365275610.0,140.64,1,0,0,0,0,0,0,1,0,0,1
55.39,37,167558020.0,129.41,0,0,0,1,0,0,0,0,0,0,1
82.03,41,500577560.0,187.53,0,0,0,0,0,0,1,0,0,0,0
54.7,36,217612780.0,179.86361981799797,1,0,0,0,0,0,0,0,0,1,1
74.58,40,166752040.0,135.51,1,0,1,0,0,0,0,0,0,0,1
77.22,30,453616310.0,224.44,1,0,0,0,0,0,0,1,0,0,0
84.59,35,420108990.0,226.54,1,0,0,0,0,0,0,0,0,1,0
41.49,52,228449900.0,164.83,0,1,0,0,0,0,0,0,0,0,1
87.29,36,431401040.0,209.93,1,0,0,1,0,0,0,0,0,0,0
41.39,41,482736240.00000006,167.22,0,1,0,0,0,0,0,0,0,0,1
64.92952380952381,28,453796000.0,204.79,1,0,0,0,0,0,0,0,1,0,0
48.53,28,266469560.0,134.14,1,0,0,0,0,0,0,0,0,1,1
51.95,52,408070740.0,129.23,0,1,0,0,0,0,0,0,0,0,1
70.2,34,228962580.0,119.2,0,0,0,0,0,0,0,1,0,0,1
76.02,22,323259790.0,209.82,0,0,0,0,0,0,0,0,1,0,0
67.64,35,360312960.0,267.01,1,0,0,0,0,0,0,1,0,0,0
86.41,28,319157510.0,207.48,1,0,0,0,0,0,0,0,0,1,0
59.05,57,399068320.0,169.23,1,0,1,0,0,0,0,0,0,0,1
55.6,23,211595860.0,212.58,0,0,0,0,1,0,0,0,0,0,1
57.64,57,319066440.0,133.81,1,0,0,0,0,0,0,0,1,0,1
84.37,30,429726500.0,201.58,0,0,0,0,0,0,0,0,0,1,0
62.26,53,397395530.0,125.45,1,0,0,0,0,1,0,0,0,0,1
65.82,39,535047100.0,221.94,0,0,0,0,0,0,0,0,0,0,0
50.43,46,401981090.0,119.32,1,0,0,0,0,1,0,0,0,0,1
64.92952380952381,39,192558870.0,162.08,0,0,0,0,0,0,0,0,0,1,1
84.98,29,403843650.0,202.61,0,1,0,0,0,0,0,0,0,0,0
64.24,30,418489260.0,252.36,0,0,0,0,0,0,0,0,1,0,0
82.52,32,466006730.0,198.11,1,0,0,0,0,0,0,0,0,1,0
81.38,31,454507270.0,212.3,0,0,0,0,0,0,0,1,0,0,0
80.47,25,402637480.0,204.86,0,0,0,0,0,0,0,0,1,0,0
37.68,52,375028360.0,172.83,1,0,0,0,1,0,0,0,0,0,1
69.62,20,399068320.0,202.25,1,0,0,1,0,0,0,0,0,0,0
85.4,43,469411040.0,198.72,0,0,0,0,0,0,0,0,0,0,0
44.33,37,369063380.0,123.72,1,0,0,0,0,1,0,0,0,0,1
48.01,46,380002700.0,119.93,0,0,0,0,0,1,0,0,0,0,1
73.18,23,430683750.0,196.71,1,0,0,0,1,0,0,0,0,0,0
79.94,28,409682280.0,225.29,0,0,0,0,1,0,0,0,0,0,0
33.33,45,373450770.0,193.58,1,0,0,0,0,0,0,1,0,0,1
50.33,50,438602710.0,133.2,1,0,0,0,0,0,0,1,0,0,1
62.31,47,439057990.0,119.3,0,0,0,0,0,0,1,0,0,0,1
80.6,31,472357340.0,177.55,0,0,0,0,0,0,0,1,0,0,0
65.19,36,526784160.00000006,150.61,0,0,0,0,0,0,0,0,0,0,1
44.98,49,366356480.0,129.31,0,1,0,0,0,0,0,0,0,0,1
77.63,29,392793590.0,239.22,0,0,0,0,0,0,0,1,0,0,0
41.82,41,173970300.0,156.36,0,0,0,0,0,0,0,1,0,0,1
85.61,27,333958940.0,183.43,0,0,0,0,0,0,1,0,0,0,0
85.84,34,452582620.0,192.93,1,0,0,0,0,0,1,0,0,0,0
72.08,29,498599080.0,169.5,0,0,0,0,0,0,0,1,0,0,0
64.92952380952381,32,431207350.0,179.86361981799797,1,0,0,1,0,0,0,0,0,0,0
45.96,45,463970220.00000006,141.22,0,1,0,0,0,0,0,0,0,0,1
62.42,29,517376300.0,198.5,1,0,0,0,1,0,0,0,0,0,0
63.89,40,359221310.0,105.22,0,0,1,0,0,0,0,0,0,0,1
35.33,32,360571260.0,200.22,0,0,0,0,0,0,0,0,1,0,1
75.74,25,427041090.0,215.25,1,0,1,0,0,0,0,0,0,0,0
78.53,34,227758860.0,131.72,0,0,1,0,0,0,0,0,0,0,1
46.13,31,421742790.0,139.01,0,0,0,0,0,0,0,0,0,0,1
69.01,46,521806670.0,222.63,0,0,1,0,0,0,0,0,0,0,0
55.35,39,528567270.0,153.17,1,0,1,0,0,0,0,0,0,0,1
33.21,43,298552240.0,167.07,1,0,0,0,0,1,0,0,0,0,1
38.46,42,407281280.0,145.98,1,0,0,0,0,0,1,0,0,0,1
64.1,22,423260040.0,215.93,0,0,0,0,1,0,0,0,0,0,0
49.81,35,399068320.0,120.06,1,0,0,0,0,0,0,0,1,0,1
82.73,33,381790920.0,238.99,1,0,0,0,0,0,0,0,0,0,0
56.14,38,228823280.0,113.53,1,0,0,0,1,0,0,0,0,0,1
55.13,45,389241440.0,111.71,0,0,1,0,0,0,0,0,0,0,1
78.11,27,443078090.0,209.25,1,0,0,0,1,0,0,0,0,0,0
73.46,28,459574290.0,222.75,1,0,0,0,0,0,0,0,0,0,0
56.64,38,431567710.0,115.91,0,0,0,0,0,0,1,0,0,0,1
68.94,54,215083820.0,138.71,0,0,0,0,0,0,0,1,0,0,1
70.79,31,521751580.0,184.1,0,0,1,0,0,0,0,0,0,0,0
57.76,41,335033510.0,105.15,0,0,0,1,0,0,0,0,0,0,1
77.51,36,515201960.0,200.55,0,0,0,0,0,0,1,0,0,0,0
52.7,34,409807580.0,118.6,1,0,1,0,0,0,0,0,0,0,1
57.7,34,298876690.0,109.07,0,0,0,0,0,0,0,0,0,0,1
56.89,37,261343460.0,109.29,1,0,0,0,1,0,0,0,0,0,1
69.9,43,399068320.0,138.35,0,0,1,0,0,0,0,0,0,0,1
55.79,24,416850350.0,149.67,0,0,0,0,1,0,0,0,0,0,1
70.03,26,449849750.0,227.72,1,0,0,0,1,0,0,0,0,0,0
50.08,40,449035020.0,125.85,1,0,0,1,0,0,0,0,0,0,1
43.67,31,179804380.0,166.29,1,0,0,0,0,0,0,1,0,0,1
72.84,26,370777540.0,238.63,0,0,0,1,0,0,0,0,0,0,0
45.72,36,157311560.0,154.02,1,0,0,0,0,0,0,0,0,1,1
39.94,41,454490330.0,156.3,0,1,0,0,0,0,0,0,0,0,1
35.61,46,363081950.0,158.22,0,0,0,0,0,0,0,1,0,0,1
79.71,34,486197810.0,179.86361981799797,1,1,0,0,0,0,0,0,0,0,0
41.49,53,223633550.0,169.18,0,0,0,0,0,1,0,0,0,0,1
63.6,23,363053390.0,235.28,1,0,0,0,0,0,0,1,0,0,0
89.91,40,417154920.0,194.23,0,0,0,0,0,0,0,0,0,1,0
68.18,21,338632980.0,218.17,1,0,0,0,0,0,0,0,0,1,0
66.49,20,398193180.0,202.16,0,0,0,0,0,0,0,0,1,0,0
80.49,40,470305780.0,229.12,1,0,0,0,0,0,0,0,1,0,0
72.23,25,325905440.0,241.03,1,0,0,0,0,1,0,0,0,0,0
42.39,42,465787350.0,150.99,0,0,0,0,0,0,1,0,0,0,1
47.53,30,232806630.0,135.18,0,0,0,0,1,0,0,0,0,0,1
74.02,32,505910300.0,210.54,0,0,0,0,0,0,0,0,1,0,0
64.92952380952381,60,422333660.0,176.98,0,0,0,0,0,0,0,0,0,0,1
63.24,53,456603910.0,235.78,1,0,0,0,1,0,0,0,0,0,1
71.0,22,392471660.0,211.87,0,0,0,0,0,0,0,1,0,0,0
46.13,46,264871040.0,123.64,1,0,0,0,0,0,0,0,0,1,1
69.0,32,508783450.00000006,221.21,1,0,0,0,1,0,0,0,0,0,0
76.99,31,397108460.0,244.34,1,0,0,0,1,0,0,0,0,0,0
72.6,55,467708780.0,162.95,0,1,0,0,0,0,0,0,0,0,1
61.88,42,421564640.0,112.19,1,0,0,0,0,0,0,1,0,0,1
84.45,50,208094530.0,207.18,0,0,1,0,0,0,0,0,0,0,1
88.97,45,344889860.0,152.49,0,0,0,0,1,0,0,0,0,0,1
86.19,31,403685870.0,210.26,1,0,0,0,0,0,0,0,1,0,0
49.58,26,397542250.0,231.94,0,0,0,1,0,0,0,0,0,0,0
77.65,27,442924160.0,212.79,0,0,0,0,0,0,0,1,0,0,0
37.75,36,248267600.00000003,225.24,0,0,0,0,0,1,0,0,0,0,1
62.33,43,481509630.0,127.11,0,0,0,0,0,1,0,0,0,0,1
79.57,31,428593130.0,230.93,0,0,0,1,0,0,0,0,0,0,0
80.31,44,394568160.0,127.07,0,0,0,0,0,0,0,0,1,0,1
89.05,45,405079080.0,206.98,0,0,0,0,0,1,0,0,0,0,0
70.41,27,466327470.00000006,223.03,0,0,0,0,0,0,0,0,1,0,0
67.36,37,511731290.0,233.56,0,0,0,1,0,0,0,0,0,0,0
46.98,50,151514370.0,175.37,0,1,0,0,0,0,0,0,0,0,1
41.67,36,376719140.0,132.55,0,0,0,0,0,0,1,0,0,0,1
51.24,36,534578170.0,176.73,0,0,0,0,0,0,1,0,0,0,1
75.7,29,473434080.0,215.44,0,0,0,0,0,1,0,0,0,0,0
43.49,47,352348220.0,127.83,0,0,0,0,0,0,0,0,0,1,1
38.37,36,288604120.0,140.46,0,0,0,1,0,0,0,0,0,0,1
38.52,38,298068610.0,137.28,1,0,0,0,0,0,0,0,0,1,1
71.89,23,431325860.0,172.81,1,0,0,0,0,1,0,0,0,0,0
75.8,38,494029200.00000006,146.19,1,0,0,0,1,0,0,0,0,0,0
83.86,31,448856520.0,190.25,0,0,0,0,0,0,0,0,0,0,0
37.51,30,364681240.0,163.0,1,0,0,0,0,0,0,1,0,0,1
55.6,44,461676320.0,124.38,1,0,0,1,0,0,0,0,0,0,1
83.67,44,421349040.0,234.26,1,0,0,1,0,0,0,0,0,0,0
69.08,41,542220490.0,210.6,0,0,0,0,0,1,0,0,0,0,0
37.47,44,320015360.0,141.89,1,0,0,0,0,0,1,0,0,0,1
56.04,49,455846020.0,128.95,1,0,0,0,0,0,0,0,1,0,1
70.92,41,349969410.0,108.16,1,0,0,0,0,0,1,0,0,0,1
49.78,46,502029570.0,152.24,0,0,0,0,0,0,0,0,0,1,1
68.61,57,432392380.0,150.29,0,0,0,0,0,0,0,0,1,0,1
58.18,25,483789880.0,176.28,1,0,0,0,0,1,0,0,0,0,0
64.92952380952381,35,507674020.0,172.1,0,0,0,0,0,0,0,0,1,0,0
37.0,48,257476660.0,158.22,1,0,0,0,0,0,0,0,1,0,1
65.4,33,466893840.0,247.31,0,0,0,0,0,1,0,0,0,0,0
79.52,27,450014460.0,183.48,1,0,0,1,0,0,0,0,0,0,0
87.98,38,396463130.0,222.11,1,0,0,0,0,1,0,0,0,0,0
44.64,36,390513060.0,127.01,0,0,0,0,0,0,0,1,0,0,1
41.73,28,427996310.0,202.18,1,0,0,0,0,0,0,0,0,0,1
80.46,27,399068320.0,179.86361981799797,1,0,0,0,0,0,0,0,0,0,0
75.55,36,512644090.0,159.24,0,0,0,0,1,0,0,0,0,0,1
76.32,35,519163680.00000006,195.31,1,0,0,0,1,0,0,0,0,0,0
82.68,33,438687130.0,222.77,1,0,0,0,0,0,0,1,0,0,0
72.01,31,404298230.0,251.0,0,0,1,0,0,0,0,0,0,0,0
75.83,24,406137480.0,162.44,0,0,0,0,0,1,0,0,0,0,0
41.28,50,356720560.0,140.39,0,0,0,0,0,0,1,0,0,0,1
34.66,32,337726200.0,194.83,0,0,0,0,0,0,0,0,0,1,1
66.18,55,197902880.0,143.42,0,0,1,0,0,0,0,0,0,0,1
86.06,31,376369840.0,219.72,1,0,1,0,0,0,0,0,0,0,0
59.59,42,305634700.0,104.78,1,0,0,0,0,0,1,0,0,0,1
86.69,34,435670060.0,198.56,0,0,0,0,0,0,0,0,0,0,0
43.77,52,343210210.0,138.55,1,0,1,0,0,0,0,0,0,0,1
71.84,47,532024290.0,199.79,1,0,0,0,0,1,0,0,0,0,0
80.23,31,476663950.00000006,196.23,0,0,0,0,0,1,0,0,0,0,0
74.41,26,450770950.0,163.05,0,0,0,0,0,0,0,1,0,0,0
63.36,48,490372890.0,137.43,0,1,0,0,0,0,0,0,0,0,1
71.74,35,506967790.0,227.56,0,0,0,0,0,0,0,0,1,0,0
60.72,44,300970600.0,105.69,0,0,0,0,0,0,0,0,1,0,1
72.04,22,399068320.0,199.43,0,0,0,0,0,0,0,1,0,0,0
44.57,31,268448460.0,133.17,1,0,1,0,0,0,0,0,0,0,1
85.86,34,441807380.0,208.23,0,0,0,0,0,0,0,0,1,0,0
39.85,38,219403730.0,145.96,0,0,1,0,0,0,0,0,0,0,1
84.53,27,285341910.0,168.34,0,0,0,0,0,0,0,0,0,0,1
62.95,60,257265680.0,157.04,0,0,0,0,0,0,0,0,1,0,1
67.58,41,455312130.0,255.61,1,0,0,0,0,0,0,0,0,0,0
85.56,29,375711560.0,210.46,0,0,0,0,0,1,0,0,0,0,0
46.88,54,304114020.0,136.64,0,0,0,0,0,1,0,0,0,0,1
46.31,57,309739640.0,153.98,1,0,0,0,0,0,0,1,0,0,1
77.95,31,438010160.0,233.65,1,0,0,0,0,0,0,0,0,1,0
84.73,30,278883850.0,153.76,0,0,0,1,0,0,0,0,0,0,1
39.86,36,228155130.0,145.85,0,0,0,0,0,0,0,0,0,1,1
50.08,30,291409020.0,123.91,0,0,0,0,0,1,0,0,0,0,1
60.23,35,303196110.0,106.86,0,0,0,0,0,1,0,0,0,0,1
60.7,49,300954360.0,110.57,1,0,0,0,0,0,0,1,0,0,1
43.67,53,322030170.0,143.79,1,0,0,0,0,0,0,0,0,1,1
77.2,33,345278360.0,254.05,1,0,0,0,0,0,1,0,0,0,0
71.86,32,361433380.0,116.53,0,1,0,0,0,0,0,0,0,0,1
44.78,45,443541280.0,137.24,1,0,0,0,0,1,0,0,0,0,1
78.57,36,448321510.0,239.32,1,0,0,0,0,0,0,0,0,0,0
73.41,31,511345100.0,201.26,1,0,0,1,0,0,0,0,0,0,0
77.05,27,466372200.00000006,191.14,0,0,0,1,0,0,0,0,0,0,0
66.4,40,542974950.0,214.42,0,0,0,0,0,0,0,0,0,1,0
69.35,29,374019450.0,252.77,1,0,0,0,0,0,1,0,0,0,0
35.65,40,218860250.0,172.58,1,0,0,0,0,0,0,0,1,0,1
70.04,31,523465180.00000006,183.85,1,0,0,1,0,0,0,0,0,0,0
69.78,29,492870770.0,218.79,0,0,0,0,0,0,0,0,1,0,0
58.22,29,261416680.0,120.9,0,0,0,0,0,1,0,0,0,0,1
76.9,28,462754880.0,212.67,0,0,1,0,0,0,0,0,0,0,0
84.08,30,436354730.0,187.36,1,0,0,0,0,0,0,0,1,0,0
59.51,58,273928480.0,140.83,0,0,0,0,0,1,0,0,0,0,1
40.15,38,271217030.0,134.88,1,0,0,0,0,0,0,1,0,0,1
76.81,28,456205540.0,217.85,1,0,0,0,0,0,0,0,0,1,0
41.89,38,479639720.00000006,163.38,0,0,0,0,1,0,0,0,0,0,1
76.87,27,383423390.0,235.35,1,0,0,0,0,0,1,0,0,0,0
67.28,43,533728720.00000006,155.8,1,0,0,0,0,0,0,0,0,1,1
81.98,40,458233440.0,229.22,0,0,0,0,1,0,0,0,0,0,0
66.01,23,238890470.0,151.95,0,0,0,0,1,0,0,0,0,0,1
61.57,53,246777860.00000003,125.94,1,0,0,0,0,0,1,0,0,0,1
53.3,34,314255970.0,111.94,0,0,1,0,0,0,0,0,0,0,1
34.87,40,417347140.0,200.23,0,0,0,0,0,0,1,0,0,0,1
43.6,38,145995780.0,170.49,0,0,0,0,0,0,0,0,0,1,1
77.88,37,387473870.0,254.57,0,0,1,0,0,0,0,0,0,0,0
75.83,27,472612490.00000006,200.59,0,0,0,0,0,0,1,0,0,0,0
49.95,39,481164250.0,136.59,0,0,0,0,1,0,0,0,0,0,1
60.94,41,538256880.0,154.97,0,0,0,0,1,0,0,0,0,0,1
89.15,42,419206060.0,171.07,0,0,0,0,0,0,0,1,0,0,0
78.7,30,374091830.0,133.99,0,0,0,0,0,0,0,0,1,0,1
57.35,29,289494170.0,119.84,0,0,1,0,0,0,0,0,0,0,1
34.86,38,349598620.0,154.75,0,1,0,0,0,0,0,0,0,0,1
70.68,31,521010560.0,199.08,0,0,0,0,1,0,0,0,0,0,0
76.06,23,410435410.0,201.04,0,0,0,0,0,0,0,1,0,0,0
66.67,33,508955090.0,228.03,1,1,0,0,0,0,0,0,0,0,0
46.77,32,217650510.0,136.4,1,0,1,0,0,0,0,0,0,0,1
62.42,38,521116260.0,143.94,0,0,0,0,0,0,0,0,1,0,1
78.32,28,345163980.0,239.52,0,0,0,0,0,0,0,0,0,0,1
37.32,50,397145980.0,199.25,1,0,0,1,0,0,0,0,0,0,1
40.42,45,281286250.0,133.9,1,0,0,0,0,1,0,0,0,0,1
76.77,36,408438870.0,123.51,0,0,0,0,0,0,0,0,0,0,1
65.65,30,505469930.00000006,158.05,0,1,0,0,0,0,0,0,0,0,0
74.32,33,434420770.0,128.17,0,0,0,1,0,0,0,0,0,0,1
73.27,32,469794220.00000006,234.75,1,0,0,0,0,0,0,0,0,0,0
80.03,44,168210420.0,150.84,0,0,0,0,0,0,1,0,0,0,1
53.68,47,393266510.0,115.26,1,0,1,0,0,0,0,0,0,0,1
85.84,32,435434510.0,192.85,1,0,0,0,0,0,0,0,0,1,0
85.03,30,422608480.0,204.52,0,0,0,0,0,0,0,0,1,0,0
70.44,24,456961120.0,178.75,1,0,0,0,1,0,0,0,0,0,0
81.22,53,240164680.0,223.09,1,0,0,0,0,0,0,0,0,1,0
39.96,45,417275670.0,146.13,1,0,0,0,0,0,0,0,0,0,1
57.05,41,351952230.0,179.86361981799797,1,0,0,0,1,0,0,0,0,0,1
42.44,56,304150770.0,168.27,0,0,0,0,0,0,0,0,1,0,1
62.2,25,177857470.0,161.16,0,0,0,0,1,0,0,0,0,0,1
76.7,36,497955430.00000006,222.25,0,1,0,0,0,0,0,0,0,0,0
61.22,45,447186670.0,119.03,1,0,1,0,0,0,0,0,0,0,1
84.54,33,454317290.0,204.02,1,0,0,0,0,0,0,1,0,0,0
46.08,30,467493670.0,164.63,1,0,0,0,1,0,0,0,0,0,1
56.7,48,439493950.0,123.13,0,0,0,0,0,0,0,1,0,0,1
81.03,28,446092500.0,201.15,0,1,0,0,0,0,0,0,0,0,0
64.92952380952381,32,431257610.0,231.42,0,0,1,0,0,0,0,0,0,0,0
40.06,38,397475260.0,138.68,1,0,0,0,0,1,0,0,0,0,1
83.47,39,451134390.0,226.11,0,0,0,0,0,0,0,0,0,0,0
73.84,31,294300650.0,121.05,0,0,0,0,1,0,0,0,0,0,1
74.65,28,473683420.0,212.56,0,0,0,1,0,0,0,0,0,0,0
60.25,35,384131650.0,109.77,0,0,0,0,0,0,0,1,0,0,1
59.21,35,513433690.0,144.62,1,0,1,0,0,0,0,0,0,0,1
43.02,44,351398390.0,125.22,0,0,0,0,0,0,1,0,0,0,1
84.04,38,355065690.0,244.55,0,0,0,0,0,0,1,0,0,0,0
70.66,43,444156720.0,120.95,1,0,0,0,0,1,0,0,0,0,1
70.58,26,396858840.0,136.94,0,0,0,0,0,0,0,0,1,0,1
72.44,34,493830120.0,230.14,0,0,0,0,0,0,0,1,0,0,0
40.17,26,331743650.0,171.31,1,0,0,0,0,0,0,1,0,0,1
79.15,26,436185610.0,203.23,0,0,0,0,0,0,0,1,0,0,0
44.49,53,441700910.0,168.0,1,0,0,0,0,0,0,1,0,0,1
73.04,37,515812500.0,221.79,1,0,0,0,0,0,1,0,0,0,0
76.28,33,368805290.0,254.34,0,0,0,0,0,0,0,0,0,1,0
68.88,37,546836500.0,179.58,0,0,0,1,0,0,0,0,0,0,0
73.1,28,399103880.0,242.37,0,0,1,0,0,0,0,0,0,0,0
47.66,29,189604800.0,156.54,0,0,0,1,0,0,0,0,0,0,1
87.3,35,408360260.0,216.87,0,0,0,1,0,0,0,0,0,0,0
89.34,32,351512070.0,177.78,1,0,0,0,0,0,0,0,0,0,0
81.37,26,371346080.0,156.48,1,0,0,0,0,0,1,0,0,0,0
81.67,28,440495720.0,196.76,1,0,0,0,0,0,0,0,0,0,0
46.37,52,229932710.0,144.27,0,0,0,0,0,0,0,0,1,0,1
54.88,24,224047740.0,148.61,0,0,1,0,0,0,0,0,0,0,1
40.67,35,342391490.0,133.18,0,0,1,0,0,0,0,0,0,0,1
71.76,35,484999830.0,237.39,0,0,0,0,0,1,0,0,0,0,0
47.51,51,375903990.0,130.41,1,0,0,0,0,0,0,0,0,1,1
75.15,22,364077000.0,212.87,1,0,0,0,1,0,0,0,0,0,0
56.01,26,324374750.0,127.26,0,0,0,0,0,0,1,0,0,0,1
82.87,37,475571390.0,213.36,0,0,0,0,0,0,0,0,0,0,0
45.05,42,464442650.0,141.36,0,0,1,0,0,0,0,0,0,0,1
60.53,24,468117300.0,167.22,0,0,0,0,0,0,0,0,1,0,1
50.52,31,505896160.00000006,171.62,0,0,0,0,0,0,1,0,0,0,1
84.71,32,431270350.0,210.23,0,0,0,0,1,0,0,0,0,0,0
55.2,39,535924130.0,159.46,1,0,0,0,0,0,0,0,0,0,1
81.61,33,438672570.0,228.76,0,0,0,0,0,0,1,0,0,0,0
71.55,36,529812220.00000006,163.99,1,1,0,0,0,0,0,0,0,0,0
82.4,36,467212550.0,218.97,1,0,0,0,0,1,0,0,0,0,0
73.95,35,474003740.00000006,238.58,0,0,0,0,0,0,0,0,0,0,0
72.07,31,487973570.0,226.45,0,0,0,0,0,1,0,0,0,0,0
80.39,31,463886430.00000006,214.74,0,0,0,0,0,0,1,0,0,0,0
65.8,25,425903240.0,231.49,1,1,0,0,0,0,0,0,0,0,0
69.97,28,385291200.0,250.0,0,0,0,0,0,0,1,0,0,0,0
52.62,50,517042750.0,176.52,0,0,0,1,0,0,0,0,0,0,1
39.25,39,436646350.0,152.36,0,0,0,0,0,0,0,0,1,0,1
77.56,38,443357950.0,130.83,1,0,0,0,0,1,0,0,0,0,1
33.52,43,295341270.0,165.56,0,0,0,0,0,1,0,0,0,0,1
79.81,24,393361920.0,178.85,1,0,0,1,0,0,0,0,0,0,1
84.79,33,432403300.0,214.53,0,0,0,0,0,0,0,0,1,0,0
82.7,35,429686530.0,231.07,0,0,0,0,0,0,0,0,0,0,0
84.88,32,447473740.0,186.48,0,0,0,0,0,0,0,0,0,0,0
54.92,54,167827450.0,161.16,0,0,0,1,0,0,0,0,0,0,1
76.56,34,491253770.0,221.53,1,0,0,0,0,0,1,0,0,0,0
69.74,49,465673600.0,243.37,0,0,0,0,0,0,1,0,0,0,0
75.55,22,292959660.0,169.4,0,0,0,1,0,0,0,0,0,0,1
72.19,33,428926260.0,250.35,1,0,0,0,0,1,0,0,0,0,0
84.29,41,424468660.0,232.54,0,0,0,0,0,0,1,0,0,0,0
73.89,39,330123710.0,110.68,0,0,0,0,0,0,0,0,0,0,1
75.84,21,339760260.0,186.98,0,0,0,0,0,0,0,0,0,0,0
73.38,25,371412370.0,236.19,1,0,0,0,0,0,0,0,0,1,0
80.72,31,480304860.0,186.37,0,0,0,0,0,0,0,0,1,0,0
62.06,44,309219750.0,105.0,0,0,0,0,0,0,1,0,0,0,1
51.5,34,469351120.0,135.31,0,0,0,0,0,0,0,0,1,0,1
90.97,37,381640980.0,180.77,0,0,0,0,0,0,0,0,0,0,0
86.78,30,384666940.0,170.13,1,0,0,0,0,1,0,0,0,0,0
66.18,35,486334940.0,243.61,0,0,0,1,0,0,0,0,0,0,0
84.33,41,384929510.0,240.95,0,1,0,0,0,0,0,0,0,0,0
36.87,36,205790270.0,195.91,0,0,1,0,0,0,0,0,0,0,1
34.78,48,300029940.0,208.21,1,0,0,0,0,0,1,0,0,0,1
76.84,32,461183730.0,231.59,0,0,1,0,0,0,0,0,0,0,0
67.05,25,457949730.0,220.92,0,0,0,0,0,0,0,0,0,1,0
41.47,31,426677510.0,219.79,0,0,1,0,0,0,0,0,0,0,1
80.71,26,409335990.0,200.58,0,0,1,0,0,0,0,0,0,0,0
80.09,31,466457880.0,214.08,0,0,0,0,0,1,0,0,0,0,0
56.3,49,472016720.00000006,135.24,1,0,0,0,0,0,0,0,0,1,1
79.36,34,400822870.0,245.78,1,0,0,0,0,0,0,0,0,1,0
86.38,40,464515240.00000006,188.27,1,0,1,0,0,0,0,0,0,0,0
38.94,41,403109000.0,142.67,1,0,0,0,0,0,0,0,0,0,1
87.26,35,441423850.0,184.03,0,0,0,0,0,0,0,1,0,0,0
75.32,28,419989500.0,233.6,1,0,1,0,0,0,0,0,0,0,0
74.38,40,518172270.0,220.05,1,0,0,0,0,0,0,1,0,0,0
65.9,22,423854620.0,211.39,0,0,1,0,0,0,0,0,0,0,0
36.31,47,405883100.0,168.92,0,0,0,0,0,0,0,1,0,0,1
72.23,48,369154310.0,115.35,0,0,1,0,0,0,0,0,0,0,1
88.12,38,326576250.0,230.91,0,0,0,0,1,0,0,0,0,0,0
83.97,28,398907110.0,205.5,1,0,0,0,0,0,0,0,0,0,0
61.09,26,387353260.0,131.68,1,0,0,0,0,1,0,0,0,0,1
65.77,21,295140300.0,218.61,1,0,0,1,0,0,0,0,0,0,0
81.58,25,277893910.0,199.39,0,1,0,0,0,0,0,0,0,0,0
37.87,52,394763740.0,188.56,1,0,0,0,0,0,0,0,1,0,1
76.2,37,525310450.00000006,178.51,0,1,0,0,0,0,0,0,0,0,0
60.91,19,373167270.0,184.94,0,0,0,0,0,0,0,0,0,1,1
74.49,28,412972840.0,237.34,0,0,0,0,0,0,1,0,0,0,0
73.71,23,396235840.0,211.38,1,1,0,0,0,0,0,0,0,0,0
78.19,30,437331930.0,228.81,0,0,0,0,1,0,0,0,0,0,0
79.54,44,493448200.00000006,217.68,1,0,0,0,0,0,1,0,0,0,0
74.87,52,305889710.0,126.97,0,0,0,0,0,0,0,0,0,1,1
87.09,36,404162570.0,221.98,1,0,0,0,0,0,0,0,1,0,0
37.45,47,218967070.0,167.86,0,1,0,0,0,0,0,0,0,0,1
49.84,39,320603360.0,111.59,0,0,0,0,1,0,0,0,0,0,1
51.38,59,296537430.0,158.56,0,0,0,0,0,0,0,1,0,0,1
83.4,34,466838610.0,207.87,0,1,0,0,0,0,0,0,0,0,0
38.91,33,394588180.0,150.8,1,0,0,0,0,0,1,0,0,0,1
62.14,41,415785230.0,110.93,1,0,0,0,0,0,0,0,1,0,1
79.72,28,462175770.0,193.8,1,0,1,0,0,0,0,0,0,0,0
73.3,36,477479450.00000006,135.72,1,0,0,0,0,0,0,0,0,0,1
64.92952380952381,42,515262930.00000006,231.48,1,0,0,0,0,0,0,1,0,0,0
71.9,54,428602720.0,140.15,1,0,0,0,0,1,0,0,0,0,1
72.45,29,506281370.0,195.36,1,0,0,0,0,0,0,0,0,1,0
77.07,40,311916010.0,261.02,0,0,0,0,0,0,1,0,0,0,0
74.62,36,512450050.0,217.79,0,0,0,0,0,0,0,0,1,0,0
82.07,25,327054490.0,205.38,1,0,0,0,1,0,0,0,0,0,0
58.6,50,317803500.0,113.7,0,0,0,0,0,1,0,0,0,0,1
36.08,45,289920890.0,151.47,1,0,0,0,0,0,0,0,1,0,1
79.44,26,425918850.0,206.79,0,0,0,0,0,0,1,0,0,0,0
41.73,47,425689390.0,144.71,0,0,0,1,0,0,0,0,0,0,1
73.19,25,449875160.0,203.74,1,0,0,0,1,0,0,0,0,0,0
77.6,24,407063090.0,197.33,1,1,0,0,0,0,0,0,0,0,0
89.0,37,364554260.0,222.26,1,0,0,0,0,1,0,0,0,0,0
69.2,42,182167930.0,123.8,0,0,0,0,0,0,0,0,0,1,1
67.56,31,436228660.0,125.45,0,0,0,0,1,0,0,0,0,0,1
81.11,39,393515990.0,248.19,1,0,0,0,0,1,0,0,0,0,0
80.22,30,432644170.0,224.58,0,0,0,0,0,0,0,1,0,0,0
43.63,41,361635680.0,123.25,1,0,0,0,0,0,0,0,0,0,1
77.66,29,469566580.0,168.15,0,0,0,0,0,0,0,0,1,0,0
74.63,26,363827870.0,235.99,1,0,0,0,0,0,1,0,0,0,0
49.67,27,196133630.0,153.69,0,1,0,0,0,0,0,0,0,0,1
80.59,37,474211920.0,224.23,0,0,0,0,0,0,0,0,0,0,0
83.49,33,466018000.0,190.75,1,0,0,0,0,0,0,0,0,0,0
44.46,42,213412360.0,132.66,1,0,1,0,0,0,0,0,0,0,1
68.1,40,524323870.0,227.73,1,0,0,0,1,0,0,0,0,0,0
63.88,38,139942040.0,136.85,0,0,0,0,0,0,1,0,0,0,1
78.83,36,462354410.00000006,234.64,1,0,1,0,0,0,0,0,0,0,0
79.97,44,493143280.0,216.0,0,0,0,0,0,0,0,1,0,0,0
80.51,28,448059850.0,200.28,1,0,0,0,0,0,0,0,0,0,0
62.26,26,491426180.00000006,202.77,0,0,0,0,0,0,0,0,0,0,0
66.99,47,190837570.0,124.44,1,0,0,0,0,0,0,0,1,0,1
71.05,20,346810870.0,204.22,1,0,0,0,1,0,0,0,0,0,0
42.05,51,198500890.0,174.55,1,0,0,0,0,0,0,0,1,0,1
50.52,28,468503210.0,219.69,0,0,0,0,0,0,0,1,0,0,1
76.24,40,528673460.0,198.32,1,0,0,0,0,0,0,0,0,0,0
77.29,27,463857380.0,201.24,1,0,0,0,0,0,0,0,0,0,0
35.98,47,391955760.0,165.52,1,0,0,0,0,0,0,1,0,0,1
84.95,34,394655100.0,230.36,0,0,0,0,0,1,0,0,0,0,0
39.34,43,218511160.0,148.93,0,0,0,0,0,0,1,0,0,0,1
87.23,29,357105770.0,202.12,0,0,0,0,0,0,0,0,1,0,0
57.24,52,325311980.0,117.35,1,0,0,0,0,0,0,0,0,1,1
81.58,41,388357340.0,248.16,0,0,0,0,0,0,0,0,0,1,0
56.34,50,480995900.0,139.02,1,0,0,0,0,0,0,1,0,0,1
48.73,27,239338610.00000003,142.04,0,0,0,0,0,1,0,0,0,0,1
51.68,49,399068320.0,258.62,0,0,0,1,0,0,0,0,0,0,1
35.34,45,326856320.0,152.86,0,1,0,0,0,0,0,0,0,0,1
78.68,29,463580040.0,208.05,0,0,0,0,0,0,0,0,1,0,0
68.82,20,270264400.0,205.64,1,0,0,1,0,0,0,0,0,0,0
56.99,40,263992610.00000003,108.15,0,0,0,1,0,0,0,0,0,0,1
86.63,39,446349960.0,209.64,1,0,0,0,1,0,0,0,0,0,0
41.18,43,293065850.0,129.25,1,0,0,1,0,0,0,0,0,0,1
71.03,32,404926760.0,120.85,0,0,0,0,0,0,0,1,0,0,1
72.92,29,486001110.0,217.1,1,0,0,1,0,0,0,0,0,0,0
77.14,24,421987860.0,184.88,1,0,0,0,0,0,1,0,0,0,0
60.7,43,555326310.0,192.6,1,0,0,0,0,1,0,0,0,0,0
34.3,41,372173760.0,160.74,1,0,0,0,0,0,0,0,1,0,1
83.71,45,451948490.0,220.48,1,0,0,0,0,0,0,0,1,0,0
53.38,35,425623590.0,120.06,1,0,0,1,0,0,0,0,0,0,1
58.03,31,198711940.0,129.33,0,0,0,0,0,0,0,0,1,0,1
43.59,36,411948390.0,132.31,1,0,0,0,0,0,0,1,0,0,1
60.07,42,461743590.0,120.75,1,0,0,0,0,0,0,0,0,1,1
54.43,37,526261400.0,154.74,1,0,0,0,1,0,0,0,0,0,1
81.99,33,428890980.0,230.9,0,0,1,0,0,0,0,0,0,0,0
60.53,29,397316360.0,123.28,0,1,0,0,0,0,0,0,0,0,1
84.69,31,323124410.0,231.85,1,0,0,0,0,1,0,0,0,0,0
88.72,32,307093570.0,211.87,1,0,0,0,0,0,1,0,0,0,0
88.89,35,353076430.0,218.8,1,0,0,0,0,0,1,0,0,0,0
69.58,43,196201180.0,255.07,0,0,0,0,0,0,0,1,0,0,1
85.23,36,449670970.0,212.92,1,0,0,1,0,0,0,0,0,0,0
83.55,39,460714660.00000006,221.18,1,0,0,0,0,0,0,0,1,0,0
56.66,42,508791080.0,139.42,0,0,0,1,0,0,0,0,0,0,1
56.39,27,271721800.0,248.12,1,1,0,0,0,0,0,0,0,0,0
76.24,27,447835080.0,214.42,0,0,1,0,0,0,0,0,0,0,0
57.64,36,260487780.0,110.25,1,0,1,0,0,0,0,0,0,0,1
78.18,23,368842530.0,167.67,0,0,0,0,0,0,0,0,0,1,0
46.04,32,458499510.0,147.92,0,0,0,0,0,0,0,0,0,0,1
79.4,35,447767040.0,236.87,0,0,0,0,0,0,0,0,1,0,0
36.44,39,366806160.0,147.64,1,0,0,1,0,0,0,0,0,0,1
53.14,38,343780290.0,109.0,1,0,0,0,1,0,0,0,0,0,1
32.84,40,288630230.0,171.72,0,0,0,0,0,0,0,0,0,0,1
73.72,32,364980280.0,256.4,1,0,1,0,0,0,0,0,0,0,0
38.1,34,424487630.0,214.38,1,0,0,1,0,0,0,0,0,0,1
73.93,44,519260350.0,218.22,0,0,0,1,0,0,0,0,0,0,0
51.87,50,363089090.0,119.65,0,0,0,0,1,0,0,0,0,0,1
77.69,22,341968060.0,169.88,1,0,0,0,0,0,0,1,0,0,0
43.41,28,414008140.0,160.73,0,1,0,0,0,0,0,0,0,0,1
55.92,24,237661410.0,145.08,0,0,0,0,0,0,0,0,1,0,1
80.67,34,412365520.0,239.76,0,1,0,0,0,0,0,0,0,0,0
83.42,25,348953640.0,183.42,1,0,0,0,0,0,1,0,0,0,0
82.12,52,200759510.0,201.15,1,0,1,0,0,0,0,0,0,0,1
66.17,33,399068320.0,238.45,0,0,1,0,0,0,0,0,0,0,0
43.01,35,338433480.0,127.37,0,0,0,0,0,0,1,0,0,0,1
80.05,25,321719020.0,219.94,1,0,1,0,0,0,0,0,0,0,0
64.88,42,490038570.0,129.8,1,0,0,0,0,0,0,0,0,0,1
79.82,26,360588620.0,223.28,1,0,0,0,1,0,0,0,0,0,0
48.03,40,179191250.0,134.6,1,1,0,0,0,0,0,0,0,0,1
32.99,45,344980090.0,177.46,0,0,0,1,0,0,0,0,0,0,1
74.88,27,470681750.0,175.17,1,0,0,0,0,0,0,1,0,0,0
36.49,52,294954310.0,196.61,1,0,1,0,0,0,0,0,0,0,1
88.04,45,438128880.0,191.17,1,0,0,0,0,0,1,0,0,0,0
45.7,33,471690170.0,151.12,1,1,0,0,0,0,0,0,0,0,1
82.38,35,179227510.0,159.6,0,0,1,0,0,0,0,0,0,0,1
52.68,23,277312000.0,149.2,1,0,0,0,0,1,0,0,0,0,1
65.59,47,197860670.0,121.81,0,0,1,0,0,0,0,0,0,0,1
65.65,25,447158040.0,224.92,1,1,0,0,0,0,0,0,0,0,0
43.84,36,494149670.0,167.42,0,0,0,0,0,0,0,1,0,0,1
67.69,37,534857330.0,216.57,0,0,0,0,0,0,0,0,1,0,0
78.37,24,385105560.0,207.27,0,0,1,0,0,0,0,0,0,0,0
81.46,29,361452840.0,231.54,0,0,0,0,0,1,0,0,0,0,0
47.48,31,205514400.0,141.34,0,0,0,0,0,0,0,0,1,0,1
75.15,33,499076690.0,219.49,1,0,0,0,0,0,0,0,0,0,0
78.76,24,324959320.0,219.98,1,1,0,0,0,0,0,0,0,0,0
44.96,50,369614000.0,132.71,1,0,0,0,0,0,0,0,1,0,1
39.56,41,414704220.0,143.13,1,0,0,0,0,0,0,1,0,0,1
39.76,28,247453850.00000003,196.83,1,0,0,0,0,0,1,0,0,0,1
57.11,22,417743480.0,207.17,1,0,1,0,0,0,0,0,0,0,0
83.26,40,491579200.00000006,187.76,1,1,0,0,0,0,0,0,0,0,0
69.42,25,460538190.0,213.38,0,0,0,0,0,0,1,0,0,0,0
50.6,30,239337910.0,129.88,1,0,0,1,0,0,0,0,0,0,1
46.2,37,359207660.0,119.3,0,0,0,0,0,0,0,1,0,0,1
66.88,35,439536720.0,119.47,1,0,1,0,0,0,0,0,0,0,1
83.97,40,464041690.0,158.42,1,0,0,0,0,0,0,1,0,0,0
76.56,30,476211260.0,213.75,0,0,0,0,0,0,0,0,0,0,0
35.49,48,307821430.0,159.77,0,0,0,0,1,0,0,0,0,0,1
80.29,31,346202360.0,244.87,1,0,0,0,0,0,0,0,0,0,0
50.19,40,237910890.0,117.3,0,0,0,0,0,0,0,1,0,0,1
59.12,33,197470210.0,179.86361981799797,0,0,0,1,0,0,0,0,0,0,1
59.88,30,528745980.0,193.63,1,0,0,0,0,1,0,0,0,0,0
59.7,28,344109500.0,120.25,0,0,0,1,0,0,0,0,0,0,1
67.8,30,278667830.0,117.75,1,0,0,0,0,0,0,1,0,0,1
81.59,35,460785710.0,223.16,0,0,0,0,0,0,0,0,0,1,0
81.1,29,428204490.0,216.49,1,0,0,0,0,1,0,0,0,0,0
41.7,39,300287470.0,126.95,0,0,0,0,0,1,0,0,0,0,1
73.94,27,478331070.0,173.49,0,0,0,0,0,0,0,0,0,1,0
58.35,37,491630650.0,132.63,0,0,0,0,1,0,0,0,0,0,1
51.56,46,441715330.0,124.85,0,0,0,0,0,0,0,0,0,0,1
79.81,37,362930820.0,253.17,0,1,0,0,0,0,0,0,0,0,0
66.17,26,445061540.0,228.7,0,0,0,0,1,0,0,0,0,0,0
58.21,37,333028080.0,105.94,0,0,0,0,1,0,0,0,0,0,1
66.12,49,273223230.0,113.8,0,0,0,0,0,0,0,0,0,0,1
80.47,42,493535420.0,215.18,1,0,1,0,0,0,0,0,0,0,0
77.05,31,435128820.0,236.64,0,0,0,0,0,0,0,0,0,1,0
49.99,41,427477820.0,121.07,0,0,0,0,0,1,0,0,0,0,1
80.3,58,343633570.0,173.43,0,1,0,0,0,0,0,0,0,0,1
79.36,33,436315250.0,234.72,1,1,0,0,0,0,0,0,0,0,0
70.29,26,434373590.0,231.37,1,0,0,0,1,0,0,0,0,0,0
84.53,33,433454420.0,215.18,1,0,0,0,0,0,0,1,0,0,0
59.13,44,346677590.0,106.04,1,0,0,0,0,0,0,0,0,0,1
81.51,41,373886240.0,250.03,0,0,0,0,0,0,0,0,0,0,0
42.94,37,396771550.0,130.4,1,0,0,0,0,1,0,0,0,0,1
84.81,32,303097410.0,233.93,1,0,0,1,0,0,0,0,0,0,0
82.79,34,335984250.0,132.08,0,0,0,0,0,0,0,0,1,0,1
59.22,55,273920710.0,126.39,1,0,0,0,0,0,0,0,1,0,1
35.0,40,322236110.0,151.25,1,0,0,0,0,0,1,0,0,0,1
46.61,42,460997180.00000006,136.18,0,0,0,0,0,0,0,0,1,0,1
63.26,29,383511590.0,120.46,1,0,0,0,0,0,1,0,0,0,1
79.16,32,486937220.00000006,202.9,1,0,0,0,0,0,0,0,1,0,0
67.94,43,479130190.0,128.16,0,0,1,0,0,0,0,0,0,0,1
79.91,32,439406940.0,230.18,1,0,0,0,0,0,0,1,0,0,0
66.14,41,546650650.0,165.27,0,0,0,0,0,0,0,1,0,0,0
43.65,39,445543280.0,138.87,0,0,0,0,0,0,1,0,0,0,1
59.61,21,424463340.0,198.45,1,0,0,0,0,0,0,0,0,1,0
46.61,52,190687770.0,156.99,0,0,0,1,0,0,0,0,0,0,1
89.37,34,299321540.0,162.03,1,0,0,0,0,0,0,0,0,1,0
65.1,49,416202640.0,118.1,1,0,0,0,0,1,0,0,0,0,1
53.44,42,300355230.0,108.17,1,0,0,0,0,0,0,0,0,0,1
79.53,51,322925260.0,244.91,0,0,0,0,0,0,0,0,0,0,0
91.43,39,328748770.0,209.91,1,1,0,0,0,0,0,0,0,0,0
73.57,30,492640610.0,212.38,0,0,1,0,0,0,0,0,0,0,0
78.76,32,490089810.0,208.02,1,0,0,0,0,0,1,0,0,0,0
76.49,23,395199070.0,181.11,0,0,0,0,0,0,0,1,0,0,0
61.72,26,470953420.0,218.49,0,0,0,0,0,0,0,1,0,0,0
84.53,35,399068320.0,236.29,0,0,0,0,0,0,1,0,0,0,0
72.03,34,495487580.0,230.95,1,1,0,0,0,0,0,0,0,0,0
77.47,36,493574130.0,222.91,1,0,0,0,0,0,0,0,1,0,0
75.65,39,448150850.0,247.9,1,0,0,0,0,1,0,0,0,0,0
78.15,33,504299950.00000006,194.37,0,0,0,0,1,0,0,0,0,0,0
63.8,38,252261310.0,108.7,1,0,0,0,0,1,0,0,0,0,1
76.59,29,472688440.0,211.64,0,0,0,0,0,0,0,0,1,0,0
42.6,55,385851550.0,168.29,0,0,0,0,0,0,0,1,0,0,1
78.77,28,444483340.0,211.83,0,0,0,0,1,0,0,0,0,0,0
83.4,39,426156360.0,235.01,0,0,0,0,0,0,0,0,0,0,0
79.53,33,430271310.0,236.72,0,1,0,0,0,0,0,0,0,0,0
73.89,35,493469480.0,229.99,1,0,1,0,0,0,0,0,0,0,0
75.8,36,498556800.0,224.9,0,1,0,0,0,0,0,0,0,0,0
81.95,31,452890060.0,208.76,1,0,0,0,1,0,0,0,0,0,0
56.39,58,225766660.0,154.23,0,1,0,0,0,0,0,0,0,0,1
44.73,35,387218790.0,127.56,1,0,0,0,0,0,0,0,0,1,1
38.35,33,332135230.0,145.48,1,0,0,1,0,0,0,0,0,0,1
72.53,37,514323740.00000006,223.93,0,0,0,0,1,0,0,0,0,0,0
56.2,49,374849580.0,114.85,1,0,0,0,0,0,0,0,1,0,1
79.67,28,410032840.0,226.79,0,0,0,0,0,0,0,1,0,0,0
75.42,26,443615900.0,164.25,1,0,1,0,0,0,0,0,0,0,0
78.64,31,421984290.0,235.28,1,0,0,0,0,0,0,1,0,0,0
67.69,44,261417380.0,109.22,0,1,0,0,0,0,0,0,0,0,1
38.35,41,244202070.0,144.69,1,0,0,0,0,1,0,0,0,0,1
59.52,44,472583020.0,251.08,1,0,0,0,0,0,0,0,0,1,0
62.26,37,545920970.0,166.19,0,0,0,0,0,0,0,0,0,1,0
64.75,36,441007210.0,117.66,0,0,0,0,0,0,0,0,0,1,1
79.97,26,432235860.0,185.45,1,0,0,0,0,0,0,0,0,0,0
47.9,42,339273760.0,114.53,0,0,0,0,0,0,0,1,0,0,1
80.38,30,385916720.0,238.06,0,0,0,0,0,0,0,1,0,0,0
64.51,42,556393600.0,190.71,1,0,0,0,0,0,0,0,0,1,0
71.28,37,471152010.0,246.72,1,0,1,0,0,0,0,0,0,0,0
50.32,40,195752200.0,125.65,0,0,0,0,0,0,1,0,0,0,1
72.76,33,465023090.0,240.63,1,0,0,0,0,1,0,0,0,0,0
72.8,35,444861690.0,249.54,0,0,0,1,0,0,0,0,0,0,0
74.59,23,280945420.0,158.35,1,0,0,1,0,0,0,0,0,0,1
46.66,45,343711690.0,118.16,0,0,0,0,0,0,0,1,0,0,1
48.86,54,372320830.0,134.46,0,0,0,0,0,1,0,0,0,0,1
37.05,39,348199810.0,142.81,1,0,0,0,0,0,0,1,0,0,1
81.21,36,443760870.0,233.04,0,0,0,0,0,0,0,0,1,0,0
66.89,23,451037930.0,208.24,1,0,0,0,0,1,0,0,0,0,0
68.11,38,517191360.0,231.21,0,0,0,0,0,0,0,0,0,0,0
69.15,46,254974580.00000003,112.72,0,0,0,0,0,0,1,0,0,0,1
65.72,36,197928360.0,120.12,0,0,1,0,0,0,0,0,0,0,1
40.04,27,336692020.0,161.58,0,0,0,0,1,0,0,0,0,0,1
68.6,33,479142580.0,135.08,0,0,0,0,0,0,1,0,0,0,1
56.16,25,465008880.0,164.25,1,0,0,0,1,0,0,0,0,0,1
78.6,46,292376910.0,254.59,1,0,0,0,0,0,0,0,0,0,0
78.29,38,404914720.0,252.07,0,0,0,0,0,1,0,0,0,0,0
43.83,45,249793740.0,129.01,0,0,0,1,0,0,0,0,0,0,1
77.31,32,439547010.0,238.1,0,1,0,0,0,0,0,0,0,0,0
39.86,28,358198610.0,161.24,0,0,0,0,0,0,0,0,1,0,1
66.77,25,411929490.0,141.13,0,0,0,0,0,0,0,0,1,0,1
57.2,42,404173210.0,110.66,0,0,0,0,0,0,0,0,1,0,1
73.15,25,452418540.0,211.12,1,0,0,0,0,0,0,0,1,0,0
82.07,24,352365510.0,193.97,0,0,0,0,0,0,0,1,0,0,0
49.84,38,474469170.0,135.24,1,0,0,1,0,0,0,0,0,0,1
43.97,36,482047650.0,156.97,1,1,0,0,0,0,0,0,0,0,1
77.25,27,391307840.0,231.38,1,0,0,0,0,0,0,1,0,0,0
74.84,37,453425700.0,246.44,1,0,0,0,0,1,0,0,0,0,0
83.53,36,473803120.0,204.56,0,0,0,0,0,0,1,0,0,0,0
38.63,48,404439770.0,222.11,0,0,0,0,0,0,0,0,0,0,1
84.0,48,328079710.0,136.21,1,0,0,0,0,0,0,1,0,0,1
52.13,50,286488510.0,118.27,1,0,0,0,0,0,0,0,0,1,1
71.83,40,155440180.0,135.48,1,1,0,0,0,0,0,0,0,0,1
78.36,24,412443080.0,196.77,1,0,0,0,0,0,0,0,0,1,0
50.18,35,441042980.0,127.82,1,0,0,0,0,0,0,0,0,0,1
64.67,51,170216270.0,138.35,1,0,1,0,0,0,0,0,0,0,1
69.5,26,478442930.00000006,203.84,0,0,0,0,0,0,1,0,0,0,0
65.22,30,463843590.0,240.09,1,0,0,0,0,0,0,0,1,0,0
62.06,40,444455200.0,116.27,1,0,1,0,0,0,0,0,0,0,1
84.29,30,398888630.0,160.33,1,0,0,0,0,0,0,1,0,0,1
32.91,37,361840850.0,181.02,0,0,0,0,0,0,0,0,0,1,1
39.5,31,349378750.0,148.19,1,0,0,0,0,0,0,0,1,0,1
75.19,31,234517990.0,245.76,1,0,0,0,0,0,0,1,0,0,0
76.21,31,460844790.0,228.94,1,1,0,0,0,0,0,0,0,0,0
67.76,31,463238790.0,242.59,0,0,1,0,0,0,0,0,0,0,0
40.01,53,360242190.0,161.77,0,0,0,0,0,1,0,0,0,0,1
52.7,41,287417480.0,109.34,1,0,0,0,0,0,0,1,0,0,1
68.41,38,429997260.0,259.76,0,0,0,0,0,0,0,0,0,1,0
35.55,39,361154220.0,151.18,0,0,0,0,0,0,1,0,0,0,1
74.54,24,402631110.0,179.86361981799797,0,0,0,0,1,0,0,0,0,0,0
81.75,24,368592910.0,190.08,0,1,0,0,0,0,0,0,0,0,0
87.85,31,365252860.0,210.27,1,0,0,0,0,0,0,0,1,0,0
60.23,60,323673980.0,151.54,1,0,1,0,0,0,0,0,0,0,1
87.97,35,342429850.0,149.25,1,0,0,0,0,0,0,0,0,0,0
78.17,27,456594530.0,192.27,1,0,0,0,0,0,0,0,0,0,0
67.91,23,385014350.0,146.8,1,1,0,0,0,0,0,0,0,0,1
85.77,27,365832110.0,191.78,1,0,0,0,0,0,1,0,0,0,0
41.16,49,416139080.0,150.83,1,0,0,0,0,0,0,0,1,0,1
53.54,39,331201150.0,108.03,0,0,0,0,0,0,0,0,1,0,1
73.94,26,387877420.0,236.15,1,0,0,1,0,0,0,0,0,0,0
63.43,29,465529120.0,236.75,1,1,0,0,0,0,0,0,0,0,0
84.59,36,330183980.0,241.8,1,0,0,0,1,0,0,0,0,0,0
70.13,31,496227760.0,224.98,0,0,0,0,0,1,0,0,0,0,0
40.19,37,387512160.0,136.99,0,1,0,0,0,0,0,0,0,0,1
58.95,55,393698900.0,131.29,1,0,0,1,0,0,0,0,0,0,1
35.76,51,318657080.0,195.07,0,1,0,0,0,0,0,0,0,0,1
59.36,49,328517210.0,110.84,0,0,0,0,0,0,0,0,1,0,1
91.1,40,388497830.0,198.13,1,0,0,0,1,0,0,0,0,0,0
61.04,41,530635840.0,149.21,0,0,0,0,1,0,0,0,0,0,1
74.06,23,282418430.0,225.99,0,0,0,0,0,0,1,0,0,0,0
81.29,28,232674400.0,219.72,0,0,0,0,0,0,0,0,1,0,0
76.07,36,476234780.0,235.56,0,0,0,0,0,0,1,0,0,0,0
75.92,22,268993620.0,182.65,0,0,0,0,0,0,0,0,0,1,0
78.35,46,372297380.0,253.48,0,0,0,1,0,0,0,0,0,0,0
46.14,28,278067790.0,137.97,1,0,1,0,0,0,0,0,0,0,1
44.33,41,303702490.0,120.63,0,0,0,0,0,1,0,0,0,0,1
46.43,28,377457010.0,137.2,1,0,0,0,0,1,0,0,0,0,1
66.04,27,503172880.0,199.76,0,0,1,0,0,0,0,0,0,0,0
84.31,29,329974470.0,225.87,0,0,0,0,0,1,0,0,0,0,0
83.66,38,482139140.0,175.14,0,0,0,0,0,1,0,0,0,0,0
81.25,33,456306060.0,222.35,1,0,1,0,0,0,0,0,0,0,0
85.26,32,387969680.0,224.07,1,0,0,0,0,0,1,0,0,0,0
86.53,46,325500770.0,179.86361981799797,0,1,0,0,0,0,0,0,0,0,0
64.92952380952381,26,411741120.0,224.2,1,0,0,0,0,0,1,0,0,0,0
52.84,43,199466470.0,122.31,0,0,0,1,0,0,0,0,0,0,1
85.24,31,399068320.0,182.84,0,0,0,0,0,0,0,1,0,0,0
74.71,46,265358030.0,258.06,1,0,0,0,1,0,0,0,0,0,0
82.95,39,488639900.0,201.29,0,0,0,0,0,0,0,0,0,1,0
76.42,26,422206330.0,223.16,1,0,0,0,0,0,1,0,0,0,0
42.04,49,471261000.0,182.11,0,0,0,1,0,0,0,0,0,0,1
46.28,26,350387310.0,228.78,1,0,0,1,0,0,0,0,0,0,1
48.26,50,305015620.0,122.45,1,0,0,0,0,0,0,0,0,0,1
71.03,55,197306550.0,150.77,0,1,0,0,0,0,0,0,0,0,1
81.37,33,464884280.0,215.04,0,0,1,0,0,0,0,0,0,0,0
75.0,29,447756120.0,230.36,1,0,0,0,1,0,0,0,0,0,0
79.61,31,408398410.0,235.97,0,0,0,0,0,1,0,0,0,0,0
52.56,31,232030330.00000003,250.36,1,0,0,1,0,0,0,0,0,0,1
62.18,33,461297760.0,126.44,0,0,0,0,0,0,0,0,0,1,1
77.89,26,449319500.0,201.54,0,0,0,0,0,0,0,1,0,0,0
66.08,61,412763540.0,184.23,1,1,0,0,0,0,0,0,0,0,1
89.21,33,308547680.0,210.53,0,0,0,0,0,1,0,0,0,0,0
49.96,55,426780340.0,151.94,1,0,0,0,0,1,0,0,0,0,1
77.44,28,459341750.0,210.39,0,1,0,0,0,0,0,0,0,0,0
82.58,38,458477460.0,225.23,1,0,0,0,0,0,0,0,0,1,0
39.36,29,367234280.0,161.79,1,1,0,0,0,0,0,0,0,0,1
47.23,38,494077850.0,149.8,1,1,0,0,0,0,0,0,0,0,1
87.85,34,362713890.0,153.01,0,1,0,0,0,0,0,0,0,0,0
65.57,46,163875250.0,130.86,0,0,0,0,0,0,0,0,1,0,1
78.01,26,439105800.0,200.71,1,0,1,0,0,0,0,0,0,0,0
44.15,28,342073690.0,141.96,1,0,0,0,0,0,0,0,1,0,1
43.57,36,356802110.0,125.2,1,0,0,0,0,0,0,0,0,0,1
76.83,28,475935880.0,192.81,0,0,0,0,0,0,1,0,0,0,0
42.06,34,302688330.0,131.55,0,0,0,0,0,0,0,1,0,0,1
76.27,27,420578620.0,226.69,1,0,0,0,0,0,0,0,0,1,0
74.27,37,456266790.0,247.05,1,0,0,0,0,0,0,0,1,0,0
73.27,28,471109730.0,216.24,1,0,0,0,0,0,0,0,0,0,0
74.58,36,494909170.0,230.52,0,1,0,0,0,0,0,0,0,0,0
77.5,28,426984880.0,225.34,1,0,0,0,0,1,0,0,0,0,0
87.16,33,425641510.0,197.15,0,0,0,0,1,0,0,0,0,0,0
87.16,37,399068320.0,231.95,1,0,1,0,0,0,0,0,0,0,0
65.15,29,289350880.0,117.3,0,0,0,1,0,0,0,0,0,0,1
68.25,33,535361120.0,198.86,1,0,0,0,0,1,0,0,0,0,0
73.49,38,469927220.00000006,244.23,0,1,0,0,0,0,0,0,0,0,0
39.19,54,368068120.0,173.05,0,0,0,0,0,0,1,0,0,0,1
80.15,25,386369270.0,214.49,0,0,0,0,0,0,0,0,1,0,0
64.92952380952381,28,340756780.0,189.91,0,0,0,0,0,0,0,0,0,1,0
73.88,29,441768180.0,233.61,0,0,1,0,0,0,0,0,0,0,0
58.6,19,311430630.0,197.93,1,0,0,0,0,0,0,0,1,0,0
69.77,54,403675930.0,132.27,0,0,0,0,0,1,0,0,0,0,1
87.27,30,362768070.0,204.27,1,0,0,0,0,0,1,0,0,0,1
77.65,28,463390620.0,208.01,0,0,0,0,0,0,1,0,0,0,0
76.02,40,512219330.0,219.55,0,0,0,0,1,0,0,0,0,0,0
78.84,26,396156600.0,217.66,1,1,0,0,0,0,0,0,0,0,0
71.33,23,217507080.0,169.4,0,0,0,1,0,0,0,0,0,0,1
81.9,41,467416810.0,225.47,0,0,0,1,0,0,0,0,0,0,0
46.89,48,507877580.0,176.78,1,0,0,0,0,1,0,0,0,0,1
77.8,57,305962160.0,152.94,0,0,1,0,0,0,0,0,0,0,1
45.44,43,339174850.0,119.27,0,0,1,0,0,0,0,0,0,0,1
69.96,31,513897090.0,214.06,1,0,0,0,1,0,0,0,0,0,0
87.35,35,406800100.0,158.29,1,0,1,0,0,0,0,0,0,0,0
49.42,53,318256750.0,128.0,1,0,1,0,0,0,0,0,0,0,1
71.27,21,351034040.0,216.03,1,0,0,0,0,0,0,1,0,0,0
49.19,38,427031570.0,123.08,0,0,0,0,0,0,0,0,0,1,1
39.96,35,377292230.0,138.52,1,0,0,0,1,0,0,0,0,0,1
85.01,29,418583480.0,192.5,0,0,0,0,0,0,1,0,0,0,0
68.95,51,522362890.0,185.85,1,0,0,1,0,0,0,0,0,0,0
67.59,45,410743830.0,113.69,0,1,0,0,0,0,0,0,0,0,1
75.71,34,434768600.0,246.06,0,0,0,0,0,0,0,0,0,1,0
43.07,36,424081140.0,137.63,1,0,0,0,0,0,0,0,1,0,1
39.47,43,459032350.0,163.48,1,0,0,1,0,0,0,0,0,0,1
48.22,40,517180370.0,214.33,0,0,0,0,1,0,0,0,0,0,0
76.76,25,353278520.0,230.77,1,0,0,1,0,0,0,0,0,0,0
78.74,27,359866150.0,234.75,0,0,0,0,0,0,1,0,0,0,0
67.47,24,423598350.0,225.05,1,0,0,1,0,0,0,0,0,0,0
81.17,30,400371720.0,231.91,1,0,0,0,0,1,0,0,0,0,0
89.66,34,369618060.0,171.23,1,0,0,0,1,0,0,0,0,0,0
79.6,28,395990420.0,227.37,1,0,0,0,0,1,0,0,0,0,0
65.53,19,357346290.0,190.17,1,1,0,0,0,0,0,0,0,0,0
61.87,35,466407270.0,250.2,1,0,0,0,0,0,0,0,1,0,0
83.16,41,491295420.0,194.95,0,0,0,0,0,0,0,1,0,0,0
44.11,41,301779870.0,121.24,1,0,0,1,0,0,0,0,0,0,1
56.57,26,395049200.0,131.98,0,1,0,0,0,0,0,0,0,0,1
83.91,29,372565060.0,222.87,0,1,0,0,0,0,0,0,0,0,0
79.8,28,400259370.0,229.88,1,0,0,0,0,0,0,0,1,0,0
71.23,52,290648960.0,122.59,0,0,0,0,0,0,0,1,0,0,1
47.23,43,514766630.0,210.87,1,1,0,0,0,0,0,0,0,0,1
82.37,30,445650240.0,179.86361981799797,0,0,0,0,0,0,0,1,0,0,0
43.63,38,432299840.0,135.25,1,0,0,0,0,0,0,0,0,0,1
70.9,28,502092570.0,190.95,0,0,0,0,0,0,1,0,0,0,0
71.9,29,505427720.00000006,193.29,1,0,0,0,0,1,0,0,0,0,0
64.92952380952381,37,354701200.0,105.86,1,0,1,0,0,0,0,0,0,0,1
67.35,29,332572940.0,118.69,0,0,0,0,0,0,0,0,0,1,1
57.99,50,437262700.0,124.58,0,0,0,0,1,0,0,0,0,0,1
66.8,29,417782120.0,248.51,0,0,0,0,0,0,0,1,0,0,1
49.13,32,287680190.0,120.49,0,0,0,1,0,0,0,0,0,0,1
45.11,58,278598110.0,195.69,0,0,0,0,0,0,0,1,0,0,1
54.35,42,538889470.0,164.02,0,0,0,0,0,0,0,0,0,1,0
61.82,59,405140050.0,151.93,1,0,0,0,0,0,0,0,1,0,1
77.75,31,413335370.0,240.64,1,0,0,0,0,0,0,1,0,0,0
70.61,28,505082760.0,190.12,0,0,0,0,1,0,0,0,0,0,0
82.72,31,459933530.0,179.82,0,0,0,0,0,0,1,0,0,0,0
76.87,36,510641320.0,212.59,0,1,0,0,0,0,0,0,0,0,0
65.07,34,517593370.0,227.53,1,0,0,0,0,0,1,0,0,0,0
56.93,37,405213480.0,111.8,0,0,0,0,0,0,1,0,0,0,1
48.86,35,437245900.0,128.37,1,0,0,0,1,0,0,0,0,0,1
36.56,29,299868030.0,195.89,0,0,0,1,0,0,0,0,0,0,1
85.73,32,306452160.0,147.75,1,0,0,0,1,0,0,0,0,0,1
75.81,40,498099350.0,229.19,0,0,0,0,0,0,0,0,0,0,0
72.94,31,519117830.0,190.84,0,0,0,0,0,0,0,0,0,1,0
53.63,54,352336040.0,126.29,1,0,0,0,0,0,0,0,1,0,1
52.35,25,233056460.0,147.61,1,0,0,1,0,0,0,0,0,0,1
52.84,51,270488400.0,121.57,1,0,0,0,0,0,0,0,0,1,1
51.58,33,348759460.0,115.91,0,0,0,0,0,1,0,0,0,0,1
42.32,29,447239030.0,187.09,1,0,0,0,0,0,1,0,0,0,1
55.04,42,307172110.0,106.96,1,0,0,0,0,0,0,1,0,0,1
85.54,27,341327980.0,175.43,1,0,0,0,0,1,0,0,0,0,0
71.14,30,488308170.0,224.82,0,0,0,0,0,0,0,1,0,0,0
64.38,19,367710700.0,180.47,1,0,0,0,0,0,0,0,0,1,0
88.85,40,408541840.0,213.96,0,0,1,0,0,0,0,0,0,0,0
66.79,60,424031930.0,198.3,1,1,0,0,0,0,0,0,0,0,1
32.6,45,337442280.0,185.47,0,0,0,0,0,0,0,0,0,0,1
43.88,54,220661630.0,166.85,1,0,0,0,0,0,1,0,0,0,1
56.46,26,463313060.0,151.63,0,0,0,0,0,0,0,0,0,0,1
72.18,30,486066280.0,225.02,0,0,0,0,0,0,0,0,0,1,0
80.55,35,476118300.0,219.91,0,0,0,0,0,0,0,0,0,1,0
67.85,41,549646930.0,202.7,1,0,0,0,0,0,0,0,0,0,1
75.55,36,223991040.0,123.71,1,0,0,0,0,0,0,0,1,0,1
80.46,29,398365100.0,230.78,0,0,0,0,0,0,0,0,1,0,0
82.69,29,428129030.0,167.41,1,0,0,0,0,1,0,0,0,0,0
35.21,39,366380700.0,154.0,1,1,0,0,0,0,0,0,0,0,1
36.37,40,331372580.0,144.53,1,0,0,0,0,0,0,0,0,1,1
74.07,22,356651680.0,165.43,1,0,0,0,0,0,0,0,0,1,0
59.96,33,540005270.0,197.66,0,0,0,0,0,0,0,0,0,1,1
85.62,29,399226520.0,195.68,0,0,0,0,0,1,0,0,0,0,0
40.88,33,339881150.0,136.18,1,0,1,0,0,0,0,0,0,0,1
36.98,31,276867430.0,167.87,1,0,0,1,0,0,0,0,0,0,1
35.49,47,258189610.00000003,170.04,0,0,0,0,0,0,0,0,1,0,1
56.56,26,481484150.0,204.47,1,0,0,1,0,0,0,0,0,0,0
36.62,32,357839510.0,162.44,1,0,0,0,0,1,0,0,0,0,1
49.35,49,310128910.0,119.86,0,0,0,0,0,0,0,0,1,0,1
75.64,29,488027330.0,204.82,1,0,0,0,1,0,0,0,0,0,0
79.22,27,444004260.0,198.79,1,0,1,0,0,0,0,0,0,0,0
77.05,34,460294520.0,236.08,0,0,0,0,0,0,0,0,0,0,0
66.83,46,545102250.0,196.17,1,0,0,0,0,0,1,0,0,0,0
76.2,24,330810130.0,228.81,1,0,0,0,0,1,0,0,0,0,0
56.64,29,391894230.0,123.24,1,0,0,0,0,0,0,0,0,0,1
53.33,34,309925910.0,111.63,1,0,0,0,0,0,1,0,0,0,1
50.63,50,180370120.0,142.23,0,0,0,0,1,0,0,0,0,0,1
41.84,49,263235770.0,139.32,0,0,0,0,0,0,0,1,0,0,1
53.92,41,180173630.0,125.46,1,0,0,0,0,0,0,0,0,0,1
83.89,28,421318660.0,180.88,1,0,0,0,0,0,0,0,0,1,0
55.32,43,473776240.00000006,127.65,0,0,0,0,0,0,0,0,1,0,1
53.22,44,310150260.0,108.85,0,0,0,0,0,0,1,0,0,0,1
43.16,35,177600640.0,156.11,1,0,0,0,1,0,0,0,0,0,1
67.51,43,167598270.0,127.2,0,0,0,0,0,0,0,1,0,0,1
43.16,29,354665500.0,143.04,1,0,0,0,0,1,0,0,0,0,1
79.89,30,352492420.0,241.38,1,0,0,0,0,0,0,0,0,1,0
84.25,32,447555500.0,170.9,1,0,0,0,0,0,0,0,0,1,0
74.18,28,489119260.0,203.87,0,0,0,0,0,0,0,1,0,0,0
85.78,34,350270550.0,232.78,0,0,0,0,0,0,0,1,0,0,0
80.96,39,475068650.0,225.0,1,1,0,0,0,0,0,0,0,0,0
36.91,48,382516400.0,159.69,0,0,0,0,0,0,0,0,0,0,1
54.47,23,327460630.0,141.52,0,0,0,0,0,0,0,0,1,0,1
81.98,34,472027430.00000006,212.88,0,0,0,0,0,0,0,0,1,0,0
79.6,39,513745960.0,194.23,0,0,0,0,0,0,0,0,0,1,0
57.51,38,333775960.0,105.71,0,0,0,0,0,0,0,0,0,0,1
82.3,31,397150810.0,232.21,0,0,0,1,0,0,0,0,0,0,0
73.21,30,357093590.0,252.6,1,0,0,0,0,0,0,0,0,1,1
79.09,32,486372950.00000006,209.72,1,0,0,0,0,0,0,1,0,0,0
68.47,28,469233380.0,226.64,0,1,0,0,0,0,0,0,0,0,0
83.69,36,481019000.0,192.57,0,0,0,0,0,0,0,0,1,0,0
83.48,31,415386930.0,222.72,1,0,0,0,0,0,0,1,0,0,0
43.49,45,335778240.0,124.67,0,0,0,1,0,0,0,0,0,0,1
66.69,35,341312440.0,108.27,0,0,0,0,0,0,0,0,0,0,1
48.46,49,428610210.0,132.38,1,1,0,0,0,0,0,0,0,0,1
42.51,30,383289970.0,144.77,1,0,0,0,1,0,0,0,0,0,1
42.83,34,380273110.0,132.38,1,0,0,0,0,0,0,0,0,0,1
41.46,42,365241800.0,128.98,1,1,0,0,0,0,0,0,0,0,1
45.99,33,358141980.0,124.61,1,0,0,0,0,0,1,0,0,0,1
68.72,27,468031690.0,225.97,0,0,0,1,0,0,0,0,0,0,0
63.11,34,441755160.0,254.94,1,0,0,0,1,0,0,0,0,0,0
49.21,46,344444800.0,115.6,0,0,0,0,0,0,0,0,1,0,1
55.77,49,391594280.0,117.33,1,0,0,0,0,1,0,0,0,0,1
44.13,40,235212880.0,128.48,1,0,0,0,0,0,0,0,0,1,1
57.82,46,342071520.0,107.56,1,0,1,0,0,0,0,0,0,0,1
72.46,40,396783240.0,113.53,0,1,0,0,0,0,0,0,0,0,1
61.88,45,267826230.0,108.18,0,0,0,0,0,0,0,1,0,0,1
78.24,23,378743470.0,199.29,0,0,0,0,0,0,0,1,0,0,0
74.61,38,497386540.0,231.28,1,0,0,0,0,0,0,0,0,0,0
89.18,37,324822260.0,224.01,1,0,0,0,0,0,0,0,0,1,0
44.16,42,431836510.0,133.42,1,0,0,0,0,0,0,1,0,0,1
55.74,37,182916510.0,124.34,1,0,0,0,0,0,0,0,1,0,1
88.82,36,410471250.0,169.1,0,0,1,0,0,0,0,0,0,0,0
70.39,32,331501730.0,261.52,1,0,1,0,0,0,0,0,0,0,0
59.05,52,350603190.0,118.45,1,0,0,0,0,0,1,0,0,0,1
78.58,33,362408060.0,250.11,1,1,0,0,0,0,0,0,0,0,0
35.11,35,333468100.0,158.03,1,0,0,0,0,0,0,0,1,0,1
60.39,45,272911940.0,108.25,1,0,0,1,0,0,0,0,0,0,1
81.56,26,359542120.0,213.7,1,0,0,1,0,0,0,0,0,0,0
75.03,34,250351430.0,255.57,0,0,0,0,0,0,0,0,1,0,1
50.87,24,440576500.0,190.41,0,0,0,0,1,0,0,0,0,0,1
82.8,30,411436690.0,223.2,1,0,0,0,0,0,0,0,0,0,0
78.51,25,413742840.0,205.71,1,0,0,0,0,1,0,0,0,0,0
37.65,51,353199070.0,161.29,1,1,0,0,0,0,0,0,0,0,1
83.17,43,379762460.0,244.4,1,0,0,0,0,0,0,0,1,0,0
91.37,45,363443430.0,182.65,1,0,0,0,0,0,0,1,0,0,1
68.25,29,492273600.0,220.08,0,0,0,0,0,0,0,0,0,0,0
81.32,25,366913260.0,165.65,0,0,0,1,0,0,0,0,0,0,0
76.64,39,399068320.0,241.5,1,0,0,1,0,0,0,0,0,0,0
74.06,50,426571110.0,246.29,1,0,0,0,1,0,0,0,0,0,0
39.53,33,281706740.0,142.21,1,0,0,0,0,0,0,0,1,0,1
86.58,32,421062390.0,195.93,1,1,0,0,0,0,0,0,0,0,0
90.75,40,321621160.0,216.5,0,0,0,1,0,0,0,0,0,0,0
67.71,25,444012310.0,225.76,1,0,0,0,0,1,0,0,0,0,0
82.41,36,461179670.0,222.08,0,0,1,0,0,0,0,0,0,0,0
45.82,27,450875600.0,171.24,1,0,1,0,0,0,0,0,0,0,1
76.79,27,389739840.0,235.94,0,0,0,0,1,0,0,0,0,0,0
70.05,33,528924550.0,203.44,0,0,0,0,0,0,0,1,0,0,0
72.19,32,427473060.0,250.32,1,1,0,0,0,0,0,0,0,0,0
77.35,34,506313990.00000006,167.26,0,0,0,0,0,0,1,0,0,0,0
40.34,29,227849650.0,173.75,0,0,0,0,1,0,0,0,0,0,1
67.39,44,358800820.0,107.19,0,0,1,0,0,0,0,0,0,0,1
68.68,34,540542940.0,187.03,1,0,0,0,1,0,0,0,0,0,0
81.75,43,367645250.0,249.45,0,1,0,0,0,0,0,0,0,0,0
66.03,22,415957290.0,217.37,0,0,0,0,0,0,0,0,0,0,0
64.92952380952381,33,157192280.0,154.93,1,0,0,0,0,0,0,0,0,0,1
79.18,31,409107930.0,236.96,0,0,0,0,0,1,0,0,0,0,0
86.81,29,355745180.0,199.62,1,0,0,0,0,0,1,0,0,0,0
41.53,42,473025840.0,158.81,0,1,0,0,0,0,0,0,0,0,1
70.92,39,465659530.0,249.81,1,0,0,0,0,0,0,0,1,0,0
46.84,45,244325690.0,123.22,0,1,0,0,0,0,0,0,0,0,1
44.4,53,301516460.0,140.95,1,0,1,0,0,0,0,0,0,0,1
52.17,44,403162900.0,115.37,1,0,0,0,0,0,0,0,0,1,1
81.45,31,462191170.0,205.84,1,1,0,0,0,0,0,0,0,0,0
54.08,36,371090580.0,111.02,1,0,0,0,0,0,0,0,0,1,1
76.65,31,427822500.0,238.43,0,0,0,0,0,0,0,0,0,1,0
54.39,20,367942540.0,171.9,1,0,0,1,0,0,0,0,0,0,1
37.74,40,460414430.00000006,190.95,0,0,0,0,0,0,1,0,0,0,1
69.86,25,353545080.0,241.36,0,0,0,0,0,0,1,0,0,0,0
85.37,36,463838130.0,194.56,1,0,0,0,0,0,0,0,0,1,0
80.99,26,248653160.0,207.53,1,0,0,1,0,0,0,0,0,0,0
78.84,32,437013850.0,235.29,1,0,1,0,0,0,0,0,0,0,0
77.36,41,347179560.0,115.79,0,0,0,0,0,0,0,0,0,1,1
55.46,37,294552230.0,108.1,0,0,0,0,0,0,0,0,0,1,1
35.66,45,323383130.0,151.72,0,0,0,0,0,0,1,0,0,0,1
50.78,51,349699000.0,122.04,0,0,0,0,0,0,0,1,0,0,1
40.47,38,168552510.0,203.9,0,0,0,0,0,0,0,0,1,0,1
45.62,43,375534670.0,121.28,0,0,0,1,0,0,0,0,0,0,1
84.76,30,427273910.0,178.69,0,0,0,0,0,0,0,0,0,0,0
80.64,26,328819050.0,221.59,0,0,0,0,0,0,1,0,0,0,0
75.94,27,371297570.0,236.96,1,0,1,0,0,0,0,0,0,0,0
37.01,50,341782980.0,216.01,0,0,1,0,0,0,0,0,0,0,1
87.18,31,408015020.0,193.6,0,0,0,0,0,0,0,0,1,0,0
56.91,50,152412540.0,146.44,0,1,0,0,0,0,0,0,0,0,1
75.24,24,365770370.0,226.49,0,1,0,0,0,0,0,0,0,0,0
42.84,52,189512890.0,182.2,1,0,0,0,0,0,0,1,0,0,1
67.56,47,354398170.0,109.98,0,0,0,1,0,0,0,0,0,0,1
34.96,42,258394570.0,160.49,1,0,0,0,0,0,0,0,1,0,1
87.46,37,427063700.0,211.56,1,0,0,0,0,1,0,0,0,0,0
41.86,39,371292390.0,128.62,1,0,0,1,0,0,0,0,0,0,1
34.04,34,281279880.0,174.88,1,0,0,0,0,0,1,0,0,0,1
54.96,42,415938460.0,113.75,1,1,0,0,0,0,0,0,0,0,1
87.14,31,407646470.0,199.4,1,0,0,0,0,0,0,0,0,1,0
78.79,32,478271360.0,215.29,1,0,0,0,0,1,0,0,0,0,0
65.56,25,487524450.00000006,181.25,1,0,0,0,0,0,1,0,0,0,0
81.05,34,378317730.0,245.5,0,0,0,0,0,0,0,1,0,0,0
55.71,37,399068320.0,112.52,1,0,0,0,0,0,0,0,0,1,1
45.48,49,373357320.0,129.16,1,0,1,0,0,0,0,0,0,0,1
47.0,56,353440150.0,149.53,0,0,0,0,0,1,0,0,0,0,1
59.64,51,500189340.0,153.12,1,0,1,0,0,0,0,0,0,0,1
35.98,45,302693160.0,150.79,0,0,0,0,1,0,0,0,0,0,1
72.55,22,412671070.0,179.86361981799797,0,0,0,0,0,0,0,0,1,0,0
64.92952380952381,38,257838280.0,184.98,0,0,0,0,0,1,0,0,0,0,0
80.53,29,464415700.00000006,187.64,0,0,0,0,0,0,0,0,1,0,0
82.49,45,270517800.0,130.84,0,0,0,0,0,0,0,1,0,0,1
80.94,36,425621000.0,239.94,0,0,0,0,0,0,0,0,0,0,0
61.76,34,234877300.0,114.69,0,1,0,0,0,0,0,0,0,0,1
63.3,38,441499380.0,116.19,0,0,0,0,0,1,0,0,0,0,1
36.73,34,327161380.0,149.79,1,0,0,0,1,0,0,0,0,0,1
78.41,33,387580690.0,248.23,1,0,0,0,0,0,0,0,0,1,0
83.98,36,478141370.0,194.62,0,0,0,0,0,0,0,0,1,0,0
63.18,45,274480430.0,107.92,0,1,0,0,0,0,0,0,0,0,1
50.6,48,461696970.00000006,135.67,0,0,0,0,0,0,0,0,0,1,1
32.6,38,281114400.0,190.05,0,1,0,0,0,0,0,0,0,0,1
60.83,19,283351810.0,185.46,1,0,0,0,0,0,1,0,0,0,0
44.72,46,283279710.0,123.86,1,0,0,0,0,1,0,0,0,0,1
78.76,51,468861890.0,162.05,0,0,0,0,1,0,0,0,0,0,1
79.51,39,244595820.0,125.11,1,0,0,0,1,0,0,0,0,0,1
39.3,32,338346400.0,145.73,0,0,0,0,0,0,0,1,0,0,1
64.79,30,295761130.0,116.07,0,0,0,0,1,0,0,0,0,0,1
89.8,36,401313010.0,198.24,0,0,1,0,0,0,0,0,0,0,0
72.82,34,530388740.00000006,191.82,1,0,0,0,1,0,0,0,0,0,0
38.65,31,362688970.0,154.77,1,0,0,0,0,0,0,0,0,0,1
59.01,30,526861720.00000006,178.75,1,0,0,0,0,0,0,1,0,0,1
78.96,50,489079360.0,193.15,0,0,0,0,0,0,0,0,1,0,1
63.99,43,509616940.0,138.46,0,0,0,0,0,0,0,0,0,0,1
41.35,27,274354150.0,162.46,1,0,0,0,0,0,0,0,0,0,1
45.53,29,392909230.0,141.58,0,0,0,0,0,0,1,0,0,0,1
51.65,31,412975920.0,249.99,0,0,0,0,0,0,0,0,1,0,0
54.55,44,290833340.0,109.04,0,0,0,1,0,0,0,0,0,0,1
35.66,36,414681680.0,172.57,0,0,0,0,1,0,0,0,0,0,1
69.95,28,397078290.0,247.01,0,0,0,1,0,0,0,0,0,0,0
79.83,29,390351010.0,234.23,1,0,0,0,0,0,0,0,1,0,0
85.35,37,449648570.0,161.42,1,0,0,0,0,0,0,0,0,0,0
56.78,28,279575730.0,124.32,0,0,0,0,0,0,1,0,0,0,1
78.67,26,443239930.0,195.56,0,0,1,0,0,0,0,0,0,0,0
70.09,21,383081090.0,211.17,0,0,0,0,0,0,0,0,1,0,0
60.75,42,488430250.0,247.05,1,1,0,0,0,0,0,0,0,0,0
65.07,24,402818920.0,233.85,0,0,0,0,0,0,0,0,0,0,0
35.25,50,329357140.0,194.44,0,0,0,0,0,0,1,0,0,0,1
37.58,52,361203290.0,176.7,1,0,0,0,0,0,0,0,0,1,1
68.01,25,478505720.00000006,188.32,1,0,0,0,0,0,1,0,0,0,0
45.08,38,247444820.0,125.27,0,0,1,0,0,0,0,0,0,0,1
63.04,27,488493950.00000006,159.05,0,0,0,0,0,0,0,1,0,0,1
40.18,29,355321610.0,151.96,0,0,0,0,1,0,0,0,0,0,1
45.17,48,240926630.0,132.07,1,0,0,0,0,0,0,0,0,1,1
50.48,50,144150930.0,162.43,0,0,0,0,1,0,0,0,0,0,1
80.87,28,444701600.0,203.3,0,0,0,0,0,0,0,0,1,0,0
41.88,40,309523760.0,126.11,1,0,0,0,1,0,0,0,0,0,1
39.87,48,335508810.0,139.34,1,0,0,0,0,1,0,0,0,0,1
61.84,45,322170030.0,105.63,1,0,0,0,0,0,0,0,1,0,1
54.97,31,399068320.0,116.38,1,0,0,0,0,0,0,0,0,1,1
71.4,30,505322300.0,166.31,0,0,0,0,0,0,1,0,0,0,0
70.29,31,398821570.0,254.65,1,0,0,0,1,0,0,0,0,0,0
67.26,57,179778550.0,168.41,1,0,0,1,0,0,0,0,0,0,1
76.58,46,293192480.0,258.26,0,0,0,0,1,0,0,0,0,0,0
54.37,38,505374030.0,140.77,0,0,0,0,0,0,0,0,1,0,1
82.79,32,381004190.0,234.81,1,0,0,0,0,0,1,0,0,0,0
66.47,31,406263620.0,256.39,1,0,1,0,0,0,0,0,0,0,0
72.88,44,448078820.0,125.12,0,0,1,0,0,0,0,0,0,0,1
76.44,28,419770330.0,232.68,1,0,0,0,0,0,0,0,1,0,0
63.37,43,302086330.0,105.04,1,0,1,0,0,0,0,0,0,0,1
89.71,48,360509660.0,204.4,1,0,0,0,1,0,0,0,0,0,0
70.96,31,386314950.0,256.4,0,0,0,0,0,1,0,0,0,0,0
35.79,44,236691560.0,165.62,1,0,0,0,1,0,0,0,0,0,1
38.96,38,255480540.0,179.86361981799797,1,0,0,0,0,0,0,0,0,1,1
69.17,40,463356670.0,123.62,0,0,0,0,0,0,0,1,0,0,1
64.2,27,463406720.00000006,227.63,1,0,0,0,0,0,0,0,0,0,0
43.7,28,441888720.0,173.01,0,0,1,0,0,0,0,0,0,0,1
72.97,30,499691990.00000006,208.58,1,0,0,1,0,0,0,0,0,0,1
51.3,45,474475190.0,134.42,1,1,0,0,0,0,0,0,0,0,1
64.92952380952381,51,296910040.0,120.37,1,0,0,0,0,0,0,0,0,1,1
55.55,19,293445530.0,187.95,0,0,0,0,0,0,0,0,0,0,0
45.01,26,209130600.0,178.35,0,0,0,0,0,0,0,0,0,1,1
